Month,Town,FlatType,Block,StreetName,StoreyRange,FloorAreaSqm,FlatModel,LeaseCommenceDate,RemainingLease,ResalePrice
2023-01,BUKIT BATOK,5 ROOM,293C,BT BATOK ST 21,31 TO 33,113,Improved,2019,95 years 01 month,923888
2023-01,BUKIT BATOK,5 ROOM,293C,BT BATOK ST 21,37 TO 39,113,Improved,2019,95 years 01 month,885000
2023-01,BUKIT BATOK,5 ROOM,296B,BT BATOK ST 22,16 TO 18,113,Premium Apartment,2018,94 years 03 months,880000
2023-01,BUKIT BATOK,5 ROOM,293C,BT BATOK ST 21,07 TO 09,113,Improved,2019,95 years 01 month,868000
2023-01,BUKIT BATOK,5 ROOM,296A,BT BATOK ST 22,16 TO 18,113,Premium Apartment,2018,94 years 02 months,860000
2023-01,BUKIT BATOK,5 ROOM,296C,BT BATOK ST 22,10 TO 12,112,Premium Apartment,2018,94 years 03 months,840000
2023-01,BUKIT BATOK,5 ROOM,296A,BT BATOK ST 22,13 TO 15,115,Premium Apartment,2018,94 years 02 months,830000
2023-01,BUKIT BATOK,5 ROOM,446A,BT BATOK WEST AVE 8,10 TO 12,112,Improved,2019,95 years,800000
2023-01,BUKIT BATOK,5 ROOM,296B,BT BATOK ST 22,04 TO 06,113,Premium Apartment,2018,94 years 03 months,775000
2023-01,BUKIT BATOK,5 ROOM,446A,BT BATOK WEST AVE 8,13 TO 15,112,Improved,2019,95 years 01 month,772000
2023-01,BUKIT BATOK,5 ROOM,446A,BT BATOK WEST AVE 8,04 TO 06,112,Improved,2019,95 years,763000
2023-01,BUKIT BATOK,5 ROOM,446A,BT BATOK WEST AVE 8,07 TO 09,112,Improved,2019,95 years 02 months,760000
2023-01,BUKIT BATOK,5 ROOM,446A,BT BATOK WEST AVE 8,07 TO 09,112,Improved,2019,95 years 01 month,749000
2023-01,BUKIT BATOK,5 ROOM,440C,BT BATOK WEST AVE 8,10 TO 12,112,Improved,2019,95 years 03 months,745000
2023-01,BUKIT BATOK,5 ROOM,110,BT BATOK WEST AVE 6,22 TO 24,132,Model A,1985,61 years 02 months,713000
2023-01,BUKIT BATOK,5 ROOM,286,BT BATOK EAST AVE 3,10 TO 12,133,Model A,1995,72 years,700000
2023-01,BUKIT BATOK,5 ROOM,440D,BT BATOK WEST AVE 8,04 TO 06,112,Improved,2019,95 years 02 months,685000
2023-01,BUKIT BATOK,5 ROOM,291B,BT BATOK ST 24,16 TO 18,121,Improved,1998,74 years 01 month,680000
2023-01,BUKIT BATOK,5 ROOM,389,BT BATOK WEST AVE 5,16 TO 18,118,Improved,2005,81 years 02 months,677000
2023-01,BUKIT BATOK,5 ROOM,426,BT BATOK WEST AVE 2,07 TO 09,120,Improved,1987,63 years 04 months,558000
2023-02,BUKIT BATOK,5 ROOM,296C,BT BATOK ST 22,16 TO 18,115,Premium Apartment,2018,94 years 02 months,888888
2023-02,BUKIT BATOK,5 ROOM,293B,BT BATOK ST 21,28 TO 30,113,Improved,2019,95 years,888000
2023-02,BUKIT BATOK,5 ROOM,293C,BT BATOK ST 21,13 TO 15,113,Improved,2019,95 years,876000
2023-02,BUKIT BATOK,5 ROOM,293A,BT BATOK ST 21,10 TO 12,113,Improved,2019,94 years 11 months,830000
2023-02,BUKIT BATOK,5 ROOM,446A,BT BATOK WEST AVE 8,19 TO 21,112,Improved,2019,95 years,818000
2023-02,BUKIT BATOK,5 ROOM,446A,BT BATOK WEST AVE 8,07 TO 09,112,Improved,2019,95 years,775000
2023-02,BUKIT BATOK,5 ROOM,443C,BT BATOK WEST AVE 8,10 TO 12,112,Improved,2019,95 years 01 month,755000
2023-02,BUKIT BATOK,5 ROOM,443B,BT BATOK WEST AVE 8,13 TO 15,112,Improved,2019,95 years 01 month,745000
2023-02,BUKIT BATOK,5 ROOM,440D,BT BATOK WEST AVE 8,13 TO 15,112,Improved,2019,95 years 02 months,740000
2023-02,BUKIT BATOK,5 ROOM,442A,BT BATOK WEST AVE 8,10 TO 12,112,Improved,2019,95 years 02 months,700000
2023-02,BUKIT BATOK,5 ROOM,388,BT BATOK WEST AVE 5,22 TO 24,110,Improved,2005,80 years 11 months,680000
2023-02,BUKIT BATOK,5 ROOM,384,BT BATOK WEST AVE 5,16 TO 18,118,Improved,2005,81 years 01 month,660000
2023-02,BUKIT BATOK,5 ROOM,291E,BT BATOK ST 24,04 TO 06,121,Improved,1998,74 years 01 month,650000
2023-03,BUKIT BATOK,5 ROOM,296A,BT BATOK ST 22,25 TO 27,115,Premium Apartment,2018,94 years,918000
2023-03,BUKIT BATOK,5 ROOM,296C,BT BATOK ST 22,19 TO 21,115,Premium Apartment,2018,94 years,910000
2023-03,BUKIT BATOK,5 ROOM,293C,BT BATOK ST 21,28 TO 30,113,Improved,2019,94 years 10 months,901888
2023-03,BUKIT BATOK,5 ROOM,293A,BT BATOK ST 21,10 TO 12,113,Improved,2019,94 years 10 months,888888
2023-03,BUKIT BATOK,5 ROOM,292B,BT BATOK EAST AVE 6,13 TO 15,113,Improved,2019,94 years 11 months,836000
2023-03,BUKIT BATOK,5 ROOM,296A,BT BATOK ST 22,16 TO 18,113,Premium Apartment,2018,94 years,828000
2023-03,BUKIT BATOK,5 ROOM,451B,BT BATOK WEST AVE 6,13 TO 15,115,Improved,2019,95 years 01 month,810000
2023-03,BUKIT BATOK,5 ROOM,293A,BT BATOK ST 21,04 TO 06,113,Improved,2019,94 years 11 months,792888
2023-03,BUKIT BATOK,5 ROOM,442B,BT BATOK WEST AVE 8,13 TO 15,112,Improved,2019,95 years 01 month,790000
2023-03,BUKIT BATOK,5 ROOM,293C,BT BATOK ST 21,04 TO 06,113,Improved,2019,94 years 10 months,780000
2023-03,BUKIT BATOK,5 ROOM,442C,BT BATOK WEST AVE 8,10 TO 12,112,Improved,2019,95 years,778000
2023-03,BUKIT BATOK,5 ROOM,442A,BT BATOK WEST AVE 8,10 TO 12,112,Improved,2019,95 years,771000
2023-03,BUKIT BATOK,5 ROOM,296C,BT BATOK ST 22,01 TO 03,113,Premium Apartment,2018,94 years,760000
2023-03,BUKIT BATOK,5 ROOM,442C,BT BATOK WEST AVE 8,13 TO 15,112,Improved,2019,95 years,745000
2023-03,BUKIT BATOK,5 ROOM,443A,BT BATOK WEST AVE 8,07 TO 09,112,Improved,2019,95 years,720000
2023-03,BUKIT BATOK,5 ROOM,443C,BT BATOK WEST AVE 8,07 TO 09,112,Improved,2019,95 years 01 month,690000
2023-03,BUKIT BATOK,5 ROOM,440D,BT BATOK WEST AVE 8,01 TO 03,112,Improved,2019,95 years 01 month,669000
2023-03,BUKIT BATOK,5 ROOM,394,BT BATOK WEST AVE 5,07 TO 09,118,Improved,2004,80 years 07 months,635000
2023-03,BUKIT BATOK,5 ROOM,325,BT BATOK ST 33,13 TO 15,122,Improved,1986,62 years 08 months,620000
2023-03,BUKIT BATOK,5 ROOM,288A,BT BATOK ST 25,04 TO 06,122,Improved,1997,73 years 09 months,618000
2023-03,BUKIT BATOK,5 ROOM,329,BT BATOK ST 33,04 TO 06,122,Improved,1986,62 years 09 months,555000
2023-04,BUKIT BATOK,5 ROOM,194A,BT BATOK WEST AVE 6,34 TO 36,112,Premium Apartment,2017,93 years 03 months,915000
2023-04,BUKIT BATOK,5 ROOM,296A,BT BATOK ST 22,16 TO 18,115,Premium Apartment,2018,94 years,900000
2023-04,BUKIT BATOK,5 ROOM,293B,BT BATOK ST 21,13 TO 15,113,Improved,2019,94 years 09 months,881888
2023-04,BUKIT BATOK,5 ROOM,293B,BT BATOK ST 21,10 TO 12,113,Improved,2019,94 years 09 months,828000
2023-04,BUKIT BATOK,5 ROOM,446A,BT BATOK WEST AVE 8,19 TO 21,112,Improved,2019,94 years 09 months,815000
2023-04,BUKIT BATOK,5 ROOM,451B,BT BATOK WEST AVE 6,16 TO 18,113,Improved,2019,95 years,810000
2023-04,BUKIT BATOK,5 ROOM,296A,BT BATOK ST 22,10 TO 12,113,Premium Apartment,2018,93 years 11 months,808000
2023-04,BUKIT BATOK,5 ROOM,442A,BT BATOK WEST AVE 8,13 TO 15,112,Improved,2019,95 years,790000
2023-04,BUKIT BATOK,5 ROOM,446A,BT BATOK WEST AVE 8,16 TO 18,112,Improved,2019,94 years 10 months,770000
2023-04,BUKIT BATOK,5 ROOM,440D,BT BATOK WEST AVE 8,13 TO 15,112,Improved,2019,94 years 11 months,760000
2023-04,BUKIT BATOK,5 ROOM,442A,BT BATOK WEST AVE 8,07 TO 09,112,Improved,2019,94 years 11 months,760000
2023-04,BUKIT BATOK,5 ROOM,101,BT BATOK WEST AVE 6,04 TO 06,151,Model A,1985,61 years 03 months,758000
2023-04,BUKIT BATOK,5 ROOM,450C,BT BATOK WEST AVE 6,19 TO 21,113,Improved,2019,94 years 11 months,750000
2023-04,BUKIT BATOK,5 ROOM,440B,BT BATOK WEST AVE 8,07 TO 09,112,Improved,2019,94 years 11 months,745000
2023-04,BUKIT BATOK,5 ROOM,442A,BT BATOK WEST AVE 8,13 TO 15,112,Improved,2019,94 years 11 months,743888
2023-04,BUKIT BATOK,5 ROOM,110,BT BATOK WEST AVE 6,16 TO 18,132,Model A,1985,60 years 11 months,727000
2023-04,BUKIT BATOK,5 ROOM,443B,BT BATOK WEST AVE 8,07 TO 09,112,Improved,2019,94 years 11 months,720000
2023-04,BUKIT BATOK,5 ROOM,443A,BT BATOK WEST AVE 8,04 TO 06,112,Improved,2019,94 years 11 months,710000
2023-04,BUKIT BATOK,5 ROOM,443A,BT BATOK WEST AVE 8,04 TO 06,112,Improved,2019,94 years 11 months,705000
2023-04,BUKIT BATOK,5 ROOM,383,BT BATOK WEST AVE 5,25 TO 27,115,Improved,2005,80 years 11 months,695000
2023-04,BUKIT BATOK,5 ROOM,445A,BT BATOK WEST AVE 8,04 TO 06,112,Improved,2019,94 years 10 months,690000
2023-04,BUKIT BATOK,5 ROOM,445A,BT BATOK WEST AVE 8,07 TO 09,112,Improved,2019,94 years 09 months,690000
2023-04,BUKIT BATOK,5 ROOM,111,BT BATOK WEST AVE 6,07 TO 09,132,Model A,1985,60 years 11 months,685000
2023-04,BUKIT BATOK,5 ROOM,290E,BT BATOK ST 24,13 TO 15,121,Improved,1997,73 years 09 months,680000
2023-04,BUKIT BATOK,5 ROOM,390,BT BATOK WEST AVE 5,04 TO 06,118,Improved,2004,80 years 07 months,630000
2023-04,BUKIT BATOK,5 ROOM,236,BT BATOK EAST AVE 5,04 TO 06,121,Improved,1985,61 years 02 months,628000
2023-05,BUKIT BATOK,5 ROOM,293C,BT BATOK ST 21,37 TO 39,113,Improved,2019,94 years 09 months,933888
2023-05,BUKIT BATOK,5 ROOM,293B,BT BATOK ST 21,37 TO 39,113,Improved,2019,94 years 09 months,918000
2023-05,BUKIT BATOK,5 ROOM,450B,BT BATOK WEST AVE 6,19 TO 21,113,Improved,2019,94 years 10 months,880000
2023-05,BUKIT BATOK,5 ROOM,296A,BT BATOK ST 22,28 TO 30,115,Premium Apartment,2018,93 years 11 months,870000
2023-05,BUKIT BATOK,5 ROOM,293C,BT BATOK ST 21,19 TO 21,113,Improved,2019,94 years 09 months,835000
2023-05,BUKIT BATOK,5 ROOM,452A,BT BATOK WEST AVE 6,22 TO 24,115,Improved,2019,94 years 11 months,832888
2023-05,BUKIT BATOK,5 ROOM,293C,BT BATOK ST 21,01 TO 03,113,Improved,2019,94 years 09 months,810000
2023-05,BUKIT BATOK,5 ROOM,292B,BT BATOK EAST AVE 6,04 TO 06,113,Improved,2019,94 years 08 months,805000
2023-05,BUKIT BATOK,5 ROOM,453A,BT BATOK WEST AVE 6,19 TO 21,115,Improved,2019,94 years 11 months,795000
2023-05,BUKIT BATOK,5 ROOM,440C,BT BATOK WEST AVE 8,07 TO 09,112,Improved,2019,94 years 11 months,793000
2023-05,BUKIT BATOK,5 ROOM,453A,BT BATOK WEST AVE 6,16 TO 18,115,Improved,2019,94 years 11 months,786000
2023-05,BUKIT BATOK,5 ROOM,451B,BT BATOK WEST AVE 6,07 TO 09,113,Improved,2019,94 years 11 months,780000
2023-05,BUKIT BATOK,5 ROOM,292B,BT BATOK EAST AVE 6,10 TO 12,113,Improved,2019,94 years 08 months,780000
2023-05,BUKIT BATOK,5 ROOM,446A,BT BATOK WEST AVE 8,07 TO 09,112,Improved,2019,94 years 08 months,770888
2023-05,BUKIT BATOK,5 ROOM,442A,BT BATOK WEST AVE 8,13 TO 15,112,Improved,2019,94 years 11 months,760000
2023-05,BUKIT BATOK,5 ROOM,453A,BT BATOK WEST AVE 6,01 TO 03,115,Improved,2019,94 years 10 months,755000
2023-05,BUKIT BATOK,5 ROOM,442A,BT BATOK WEST AVE 8,07 TO 09,112,Improved,2019,94 years 11 months,746000
2023-05,BUKIT BATOK,5 ROOM,446A,BT BATOK WEST AVE 8,07 TO 09,112,Improved,2019,94 years 10 months,745000
2023-05,BUKIT BATOK,5 ROOM,440C,BT BATOK WEST AVE 8,04 TO 06,112,Improved,2019,94 years 10 months,730000
2023-05,BUKIT BATOK,5 ROOM,445A,BT BATOK WEST AVE 8,01 TO 03,112,Improved,2019,94 years 09 months,725000
2023-05,BUKIT BATOK,5 ROOM,443C,BT BATOK WEST AVE 8,07 TO 09,112,Improved,2019,94 years 11 months,723000
2023-05,BUKIT BATOK,5 ROOM,445A,BT BATOK WEST AVE 8,01 TO 03,112,Improved,2019,94 years 09 months,720000
2023-05,BUKIT BATOK,5 ROOM,111,BT BATOK WEST AVE 6,10 TO 12,132,Model A,1985,60 years 11 months,715000
2023-05,BUKIT BATOK,5 ROOM,443A,BT BATOK WEST AVE 8,07 TO 09,112,Improved,2019,94 years 11 months,703888
2023-05,BUKIT BATOK,5 ROOM,443A,BT BATOK WEST AVE 8,04 TO 06,112,Improved,2019,94 years 11 months,682000
2023-05,BUKIT BATOK,5 ROOM,388,BT BATOK WEST AVE 5,22 TO 24,118,Improved,2005,80 years 09 months,680000
2023-05,BUKIT BATOK,5 ROOM,111,BT BATOK WEST AVE 6,07 TO 09,132,Model A,1985,60 years 11 months,660000
2023-05,BUKIT BATOK,5 ROOM,291E,BT BATOK ST 24,04 TO 06,122,Improved,1998,73 years 10 months,650000
2023-05,BUKIT BATOK,5 ROOM,331,BT BATOK ST 33,04 TO 06,122,Improved,1986,62 years 07 months,585000
2023-06,BUKIT BATOK,5 ROOM,296A,BT BATOK ST 22,37 TO 39,115,Premium Apartment,2018,93 years 10 months,928000
2023-06,BUKIT BATOK,5 ROOM,293B,BT BATOK ST 21,31 TO 33,113,Improved,2019,94 years 07 months,925000
2023-06,BUKIT BATOK,5 ROOM,292B,BT BATOK EAST AVE 6,22 TO 24,113,Improved,2019,94 years 08 months,868000
2023-06,BUKIT BATOK,5 ROOM,450C,BT BATOK WEST AVE 6,19 TO 21,113,Improved,2019,94 years 10 months,827000
2023-06,BUKIT BATOK,5 ROOM,451B,BT BATOK WEST AVE 6,19 TO 21,113,Improved,2019,94 years 10 months,810000
2023-06,BUKIT BATOK,5 ROOM,453A,BT BATOK WEST AVE 6,10 TO 12,115,Improved,2019,94 years 10 months,800000
2023-06,BUKIT BATOK,5 ROOM,445A,BT BATOK WEST AVE 8,22 TO 24,112,Improved,2019,94 years 08 months,800000
2023-06,BUKIT BATOK,5 ROOM,450B,BT BATOK WEST AVE 6,13 TO 15,113,Improved,2019,94 years 10 months,781800
2023-06,BUKIT BATOK,5 ROOM,442A,BT BATOK WEST AVE 8,10 TO 12,112,Improved,2019,94 years 10 months,770000
2023-06,BUKIT BATOK,5 ROOM,450B,BT BATOK WEST AVE 6,04 TO 06,113,Improved,2019,94 years 10 months,760000
2023-06,BUKIT BATOK,5 ROOM,451B,BT BATOK WEST AVE 6,04 TO 06,113,Improved,2019,94 years 10 months,758000
2023-06,BUKIT BATOK,5 ROOM,621,BT BATOK CTRL,07 TO 09,110,Improved,2003,79 years 06 months,755000
2023-06,BUKIT BATOK,5 ROOM,440B,BT BATOK WEST AVE 8,13 TO 15,112,Improved,2019,94 years 10 months,753888
2023-06,BUKIT BATOK,5 ROOM,445A,BT BATOK WEST AVE 8,13 TO 15,112,Improved,2019,94 years 08 months,750000
2023-06,BUKIT BATOK,5 ROOM,452A,BT BATOK WEST AVE 6,04 TO 06,115,Improved,2019,94 years 10 months,739000
2023-06,BUKIT BATOK,5 ROOM,394,BT BATOK WEST AVE 5,10 TO 12,118,Improved,2004,80 years 04 months,695000
2023-06,BUKIT BATOK,5 ROOM,257,BT BATOK EAST AVE 4,01 TO 03,121,Improved,1985,61 years 02 months,580000
2023-06,BUKIT BATOK,5 ROOM,531,BT BATOK ST 51,04 TO 06,122,Improved,1986,62 years 04 months,551000
2023-07,BUKIT BATOK,5 ROOM,296A,BT BATOK ST 22,28 TO 30,113,Premium Apartment,2018,93 years 09 months,918000
2023-07,BUKIT BATOK,5 ROOM,296A,BT BATOK ST 22,25 TO 27,115,Premium Apartment,2018,93 years 10 months,910000
2023-07,BUKIT BATOK,5 ROOM,292B,BT BATOK EAST AVE 6,16 TO 18,113,Improved,2019,94 years 07 months,864000
2023-07,BUKIT BATOK,5 ROOM,293C,BT BATOK ST 21,13 TO 15,113,Improved,2019,94 years 07 months,860000
2023-07,BUKIT BATOK,5 ROOM,293B,BT BATOK ST 21,16 TO 18,113,Improved,2019,94 years 06 months,860000
2023-07,BUKIT BATOK,5 ROOM,451B,BT BATOK WEST AVE 6,10 TO 12,115,Improved,2019,94 years 09 months,810000
2023-07,BUKIT BATOK,5 ROOM,441B,BT BATOK WEST AVE 8,13 TO 15,112,Improved,2019,94 years 09 months,808000
2023-07,BUKIT BATOK,5 ROOM,446A,BT BATOK WEST AVE 8,16 TO 18,112,Improved,2019,94 years 07 months,803888
2023-07,BUKIT BATOK,5 ROOM,453B,BT BATOK WEST AVE 6,19 TO 21,115,Improved,2019,94 years 09 months,765000
2023-07,BUKIT BATOK,5 ROOM,442A,BT BATOK WEST AVE 8,07 TO 09,112,Improved,2019,94 years 09 months,758000
2023-07,BUKIT BATOK,5 ROOM,453A,BT BATOK WEST AVE 6,16 TO 18,115,Improved,2019,94 years 09 months,750000
2023-07,BUKIT BATOK,5 ROOM,443A,BT BATOK WEST AVE 8,07 TO 09,112,Improved,2019,94 years 09 months,730000
2023-07,BUKIT BATOK,5 ROOM,450C,BT BATOK WEST AVE 6,10 TO 12,113,Improved,2019,94 years 09 months,730000
2023-07,BUKIT BATOK,5 ROOM,443C,BT BATOK WEST AVE 8,07 TO 09,112,Improved,2019,94 years 10 months,725000
2023-07,BUKIT BATOK,5 ROOM,394,BT BATOK WEST AVE 5,16 TO 18,115,Improved,2004,80 years 03 months,700800
2023-07,BUKIT BATOK,5 ROOM,387,BT BATOK WEST AVE 5,10 TO 12,118,Improved,2004,80 years 06 months,670888
2023-07,BUKIT BATOK,5 ROOM,285,BT BATOK EAST AVE 3,04 TO 06,130,Improved,1995,71 years 05 months,655000
2023-07,BUKIT BATOK,5 ROOM,170,BT BATOK WEST AVE 8,01 TO 03,134,Model A,1985,61 years 03 months,625000
2023-07,BUKIT BATOK,5 ROOM,319,BT BATOK ST 33,07 TO 09,122,Improved,1986,62 years 03 months,595000
2023-07,BUKIT BATOK,5 ROOM,329,BT BATOK ST 33,04 TO 06,122,Improved,1986,62 years 07 months,560000
2023-07,BUKIT BATOK,5 ROOM,315,BT BATOK ST 32,01 TO 03,122,Improved,1986,62 years 04 months,530000
2023-08,BUKIT BATOK,5 ROOM,292C,BT BATOK EAST AVE 6,37 TO 39,113,Improved,2019,94 years 07 months,928000
2023-08,BUKIT BATOK,5 ROOM,296C,BT BATOK ST 22,34 TO 36,113,Premium Apartment,2018,93 years 07 months,915800
2023-08,BUKIT BATOK,5 ROOM,194A,BT BATOK WEST AVE 6,31 TO 33,112,Premium Apartment,2017,92 years 11 months,910000
2023-08,BUKIT BATOK,5 ROOM,622,BT BATOK CTRL,22 TO 24,113,Improved,2003,79 years 04 months,850000
2023-08,BUKIT BATOK,5 ROOM,293B,BT BATOK ST 21,13 TO 15,113,Improved,2019,94 years 06 months,833000
2023-08,BUKIT BATOK,5 ROOM,293A,BT BATOK ST 21,13 TO 15,113,Improved,2019,94 years 05 months,825000
2023-08,BUKIT BATOK,5 ROOM,292B,BT BATOK EAST AVE 6,10 TO 12,113,Improved,2019,94 years 06 months,815000
2023-08,BUKIT BATOK,5 ROOM,292B,BT BATOK EAST AVE 6,19 TO 21,113,Improved,2019,94 years 05 months,812888
2023-08,BUKIT BATOK,5 ROOM,453A,BT BATOK WEST AVE 6,16 TO 18,115,Improved,2019,94 years 08 months,790000
2023-08,BUKIT BATOK,5 ROOM,203,BT BATOK ST 21,19 TO 21,133,Model A,1985,60 years 10 months,780000
2023-08,BUKIT BATOK,5 ROOM,639,BT BATOK CTRL,10 TO 12,121,Improved,1989,65 years,770000
2023-08,BUKIT BATOK,5 ROOM,626,BT BATOK CTRL,04 TO 06,119,Improved,1997,73 years,765000
2023-08,BUKIT BATOK,5 ROOM,461D,BT BATOK WEST AVE 8,04 TO 06,114,Improved,2019,95 years 02 months,760000
2023-08,BUKIT BATOK,5 ROOM,442C,BT BATOK WEST AVE 8,10 TO 12,112,Improved,2019,94 years 08 months,758000
2023-08,BUKIT BATOK,5 ROOM,451B,BT BATOK WEST AVE 6,10 TO 12,115,Improved,2019,94 years 07 months,753000
2023-08,BUKIT BATOK,5 ROOM,440B,BT BATOK WEST AVE 8,07 TO 09,112,Improved,2019,94 years 08 months,745000
2023-08,BUKIT BATOK,5 ROOM,445A,BT BATOK WEST AVE 8,04 TO 06,112,Improved,2019,94 years 06 months,725000
2023-08,BUKIT BATOK,5 ROOM,290G,BT BATOK ST 24,07 TO 09,121,Improved,1998,73 years 06 months,700000
2023-08,BUKIT BATOK,5 ROOM,445A,BT BATOK WEST AVE 8,01 TO 03,112,Improved,2019,94 years 05 months,700000
2023-08,BUKIT BATOK,5 ROOM,392,BT BATOK WEST AVE 5,07 TO 09,118,Improved,2004,80 years 02 months,688000
2023-08,BUKIT BATOK,5 ROOM,388,BT BATOK WEST AVE 5,16 TO 18,118,Improved,2005,80 years 05 months,668000
2023-08,BUKIT BATOK,5 ROOM,111,BT BATOK WEST AVE 6,16 TO 18,132,Model A,1985,60 years 08 months,630000
2023-08,BUKIT BATOK,5 ROOM,188,BT BATOK WEST AVE 6,01 TO 03,121,Improved,1997,72 years 07 months,624000
2023-08,BUKIT BATOK,5 ROOM,329,BT BATOK ST 33,10 TO 12,122,Improved,1986,62 years 06 months,580000
2023-08,BUKIT BATOK,5 ROOM,325,BT BATOK ST 33,04 TO 06,122,Improved,1986,62 years 04 months,550000
2023-09,BUKIT BATOK,5 ROOM,293B,BT BATOK ST 21,31 TO 33,113,Improved,2019,94 years 05 months,895000
2023-09,BUKIT BATOK,5 ROOM,296A,BT BATOK ST 22,22 TO 24,113,Premium Apartment,2018,93 years 07 months,880000
2023-09,BUKIT BATOK,5 ROOM,621,BT BATOK CTRL,16 TO 18,110,Improved,2003,79 years 02 months,850000
2023-09,BUKIT BATOK,5 ROOM,293C,BT BATOK ST 21,10 TO 12,113,Improved,2019,94 years 04 months,820000
2023-09,BUKIT BATOK,5 ROOM,623,BT BATOK CTRL,13 TO 15,117,Improved,1997,72 years 11 months,808000
2023-09,BUKIT BATOK,5 ROOM,440C,BT BATOK WEST AVE 8,13 TO 15,112,Improved,2019,94 years 06 months,800000
2023-09,BUKIT BATOK,5 ROOM,115,BT BATOK WEST AVE 6,19 TO 21,132,Model A,1985,60 years 08 months,790000
2023-09,BUKIT BATOK,5 ROOM,453A,BT BATOK WEST AVE 6,10 TO 12,115,Improved,2019,94 years 07 months,778000
2023-09,BUKIT BATOK,5 ROOM,453A,BT BATOK WEST AVE 6,13 TO 15,115,Improved,2019,94 years 06 months,773800
2023-09,BUKIT BATOK,5 ROOM,445A,BT BATOK WEST AVE 8,10 TO 12,112,Improved,2019,94 years 04 months,762000
2023-09,BUKIT BATOK,5 ROOM,452A,BT BATOK WEST AVE 6,10 TO 12,115,Improved,2019,94 years 07 months,760000
2023-09,BUKIT BATOK,5 ROOM,453B,BT BATOK WEST AVE 6,10 TO 12,115,Improved,2019,94 years 07 months,750000
2023-09,BUKIT BATOK,5 ROOM,442A,BT BATOK WEST AVE 8,13 TO 15,112,Improved,2019,94 years 07 months,735000
2023-09,BUKIT BATOK,5 ROOM,442A,BT BATOK WEST AVE 8,04 TO 06,112,Improved,2019,94 years 07 months,720000
2023-09,BUKIT BATOK,5 ROOM,289D,BT BATOK ST 25,16 TO 18,120,Improved,1997,73 years 03 months,710000
2023-09,BUKIT BATOK,5 ROOM,442A,BT BATOK WEST AVE 8,01 TO 03,112,Improved,2019,94 years 07 months,700000
2023-09,BUKIT BATOK,5 ROOM,289D,BT BATOK ST 25,16 TO 18,121,Improved,1997,73 years 04 months,676888
2023-09,BUKIT BATOK,5 ROOM,111,BT BATOK WEST AVE 6,07 TO 09,132,Model A,1985,60 years 06 months,675000
2023-09,BUKIT BATOK,5 ROOM,290F,BT BATOK ST 24,01 TO 03,121,Improved,1997,73 years 03 months,650000
2023-09,BUKIT BATOK,5 ROOM,394,BT BATOK WEST AVE 5,01 TO 03,118,Improved,2004,80 years,610000
2023-09,BUKIT BATOK,5 ROOM,426,BT BATOK WEST AVE 2,10 TO 12,120,Improved,1987,62 years 09 months,578000
2023-10,BUKIT BATOK,5 ROOM,296C,BT BATOK ST 22,16 TO 18,113,Premium Apartment,2018,93 years 05 months,875000
2023-10,BUKIT BATOK,5 ROOM,292C,BT BATOK EAST AVE 6,19 TO 21,113,Improved,2019,94 years 03 months,840000
2023-10,BUKIT BATOK,5 ROOM,194A,BT BATOK WEST AVE 6,10 TO 12,115,Premium Apartment,2017,92 years 09 months,840000
2023-10,BUKIT BATOK,5 ROOM,450B,BT BATOK WEST AVE 6,10 TO 12,115,Improved,2019,94 years 05 months,835000
2023-10,BUKIT BATOK,5 ROOM,293A,BT BATOK ST 21,10 TO 12,113,Improved,2019,94 years 04 months,815000
2023-10,BUKIT BATOK,5 ROOM,461A,BT BATOK WEST AVE 8,13 TO 15,114,Improved,2019,95 years,815000
2023-10,BUKIT BATOK,5 ROOM,293A,BT BATOK ST 21,07 TO 09,113,Improved,2019,94 years 03 months,810000
2023-10,BUKIT BATOK,5 ROOM,452A,BT BATOK WEST AVE 6,07 TO 09,115,Improved,2019,94 years 06 months,800000
2023-10,BUKIT BATOK,5 ROOM,451B,BT BATOK WEST AVE 6,13 TO 15,113,Improved,2019,94 years 05 months,780000
2023-10,BUKIT BATOK,5 ROOM,453B,BT BATOK WEST AVE 6,10 TO 12,115,Improved,2019,94 years 06 months,777888
2023-10,BUKIT BATOK,5 ROOM,461D,BT BATOK WEST AVE 8,10 TO 12,114,Improved,2019,95 years,775000
2023-10,BUKIT BATOK,5 ROOM,194A,BT BATOK WEST AVE 6,04 TO 06,112,Premium Apartment,2017,92 years 10 months,770000
2023-10,BUKIT BATOK,5 ROOM,453A,BT BATOK WEST AVE 6,10 TO 12,115,Improved,2019,94 years 05 months,770000
2023-10,BUKIT BATOK,5 ROOM,435C,BT BATOK WEST AVE 5,04 TO 06,113,Improved,2020,95 years 05 months,745000
2023-10,BUKIT BATOK,5 ROOM,461D,BT BATOK WEST AVE 8,10 TO 12,114,Improved,2019,95 years,738000
2023-10,BUKIT BATOK,5 ROOM,102,BT BATOK WEST AVE 6,04 TO 06,150,Model A,1985,60 years 09 months,730000
2023-10,BUKIT BATOK,5 ROOM,461D,BT BATOK WEST AVE 8,07 TO 09,114,Improved,2019,95 years,728888
2023-10,BUKIT BATOK,5 ROOM,453B,BT BATOK WEST AVE 6,04 TO 06,115,Improved,2019,94 years 06 months,728000
2023-10,BUKIT BATOK,5 ROOM,461D,BT BATOK WEST AVE 8,13 TO 15,114,Improved,2019,95 years,720000
2023-10,BUKIT BATOK,5 ROOM,442B,BT BATOK WEST AVE 8,04 TO 06,112,Improved,2019,94 years 05 months,720000
2023-10,BUKIT BATOK,5 ROOM,461C,BT BATOK WEST AVE 8,04 TO 06,114,Improved,2019,95 years,715000
2023-10,BUKIT BATOK,5 ROOM,392,BT BATOK WEST AVE 5,10 TO 12,118,Improved,2004,80 years 01 month,708000
2023-10,BUKIT BATOK,5 ROOM,393,BT BATOK WEST AVE 5,07 TO 09,118,Improved,2004,80 years 01 month,693000
2023-10,BUKIT BATOK,5 ROOM,389,BT BATOK WEST AVE 5,22 TO 24,118,Improved,2005,80 years 04 months,690000
2023-10,BUKIT BATOK,5 ROOM,393,BT BATOK WEST AVE 5,13 TO 15,115,Improved,2004,80 years,688888
2023-10,BUKIT BATOK,5 ROOM,446A,BT BATOK WEST AVE 8,01 TO 03,112,Improved,2019,94 years 04 months,680000
2023-10,BUKIT BATOK,5 ROOM,288F,BT BATOK ST 25,07 TO 09,122,Improved,1998,73 years 10 months,670000
2023-10,BUKIT BATOK,5 ROOM,511,BT BATOK ST 52,01 TO 03,122,Improved,1986,62 years 01 month,595000
2023-11,BUKIT BATOK,5 ROOM,194B,BT BATOK WEST AVE 6,34 TO 36,112,Premium Apartment,2017,92 years 09 months,935000
2023-11,BUKIT BATOK,5 ROOM,292C,BT BATOK EAST AVE 6,34 TO 36,113,Improved,2019,94 years 03 months,923000
2023-11,BUKIT BATOK,5 ROOM,296A,BT BATOK ST 22,31 TO 33,113,Premium Apartment,2018,93 years 04 months,920000
2023-11,BUKIT BATOK,5 ROOM,293A,BT BATOK ST 21,25 TO 27,113,Improved,2019,94 years 03 months,916888
2023-11,BUKIT BATOK,5 ROOM,194A,BT BATOK WEST AVE 6,13 TO 15,115,Premium Apartment,2017,92 years 09 months,863000
2023-11,BUKIT BATOK,5 ROOM,293B,BT BATOK ST 21,04 TO 06,113,Improved,2019,94 years 02 months,823000
2023-11,BUKIT BATOK,5 ROOM,103,BT BATOK CTRL,07 TO 09,150,Model A,1985,60 years 02 months,820000
2023-11,BUKIT BATOK,5 ROOM,453A,BT BATOK WEST AVE 6,22 TO 24,115,Improved,2019,94 years 04 months,820000
2023-11,BUKIT BATOK,5 ROOM,461B,BT BATOK WEST AVE 8,07 TO 09,114,Improved,2019,94 years 11 months,820000
2023-11,BUKIT BATOK,5 ROOM,452A,BT BATOK WEST AVE 6,16 TO 18,115,Improved,2019,94 years 04 months,795000
2023-11,BUKIT BATOK,5 ROOM,452A,BT BATOK WEST AVE 6,07 TO 09,113,Improved,2019,94 years 05 months,788000
2023-11,BUKIT BATOK,5 ROOM,446A,BT BATOK WEST AVE 8,13 TO 15,112,Improved,2019,94 years 03 months,788000
2023-11,BUKIT BATOK,5 ROOM,461C,BT BATOK WEST AVE 8,13 TO 15,114,Improved,2019,94 years 10 months,780000
2023-11,BUKIT BATOK,5 ROOM,453A,BT BATOK WEST AVE 6,13 TO 15,115,Improved,2019,94 years 05 months,778000
2023-11,BUKIT BATOK,5 ROOM,453A,BT BATOK WEST AVE 6,10 TO 12,115,Improved,2019,94 years 05 months,765000
2023-11,BUKIT BATOK,5 ROOM,442A,BT BATOK WEST AVE 8,13 TO 15,112,Improved,2019,94 years 04 months,760888
2023-11,BUKIT BATOK,5 ROOM,298,BT BATOK ST 22,22 TO 24,119,Improved,1997,72 years 08 months,758888
2023-11,BUKIT BATOK,5 ROOM,452A,BT BATOK WEST AVE 6,10 TO 12,115,Improved,2019,94 years 05 months,755000
2023-11,BUKIT BATOK,5 ROOM,442A,BT BATOK WEST AVE 8,13 TO 15,112,Improved,2019,94 years 05 months,745000
2023-11,BUKIT BATOK,5 ROOM,445A,BT BATOK WEST AVE 8,01 TO 03,112,Improved,2019,94 years 02 months,720000
2023-11,BUKIT BATOK,5 ROOM,110,BT BATOK WEST AVE 6,13 TO 15,132,Model A,1985,60 years 04 months,718000
2023-11,BUKIT BATOK,5 ROOM,440C,BT BATOK WEST AVE 8,04 TO 06,112,Improved,2019,94 years 04 months,718000
2023-11,BUKIT BATOK,5 ROOM,440B,BT BATOK WEST AVE 8,04 TO 06,112,Improved,2019,94 years 04 months,707000
2023-11,BUKIT BATOK,5 ROOM,450B,BT BATOK WEST AVE 6,01 TO 03,113,Improved,2019,94 years 04 months,706000
2023-11,BUKIT BATOK,5 ROOM,461B,BT BATOK WEST AVE 8,13 TO 15,114,Improved,2019,94 years 11 months,678000
2023-11,BUKIT BATOK,5 ROOM,291C,BT BATOK ST 24,13 TO 15,121,Improved,1998,73 years 04 months,662000
2023-11,BUKIT BATOK,5 ROOM,426,BT BATOK WEST AVE 2,07 TO 09,130,Improved,1987,62 years 07 months,620000
2023-12,BUKIT BATOK,5 ROOM,292C,BT BATOK EAST AVE 6,34 TO 36,113,Improved,2019,94 years 02 months,935000
2023-12,BUKIT BATOK,5 ROOM,293A,BT BATOK ST 21,28 TO 30,113,Improved,2019,94 years 02 months,890000
2023-12,BUKIT BATOK,5 ROOM,194A,BT BATOK WEST AVE 6,25 TO 27,112,Premium Apartment,2017,92 years 08 months,880000
2023-12,BUKIT BATOK,5 ROOM,461A,BT BATOK WEST AVE 8,13 TO 15,121,3Gen,2019,94 years 10 months,845888
2023-12,BUKIT BATOK,5 ROOM,461B,BT BATOK WEST AVE 8,10 TO 12,114,Improved,2019,94 years 09 months,820000
2023-12,BUKIT BATOK,5 ROOM,461C,BT BATOK WEST AVE 8,13 TO 15,114,Improved,2019,94 years 10 months,808000
2023-12,BUKIT BATOK,5 ROOM,452A,BT BATOK WEST AVE 6,07 TO 09,113,Improved,2019,94 years 04 months,780000
2023-12,BUKIT BATOK,5 ROOM,461D,BT BATOK WEST AVE 8,07 TO 09,114,Improved,2019,94 years 10 months,765000
2023-12,BUKIT BATOK,5 ROOM,450C,BT BATOK WEST AVE 6,07 TO 09,113,Improved,2019,94 years 04 months,760888
2023-12,BUKIT BATOK,5 ROOM,443A,BT BATOK WEST AVE 8,10 TO 12,112,Improved,2019,94 years 04 months,730000
2023-12,BUKIT BATOK,5 ROOM,289A,BT BATOK ST 25,10 TO 12,122,Improved,1997,73 years 02 months,690100
2023-12,BUKIT BATOK,5 ROOM,186,BT BATOK WEST AVE 6,07 TO 09,127,Improved,1989,64 years 03 months,656888
2023-12,BUKIT BATOK,5 ROOM,387,BT BATOK WEST AVE 5,04 TO 06,118,Improved,2004,80 years,650000
2024-01,BUKIT BATOK,5 ROOM,296A,BT BATOK ST 22,19 TO 21,115,Premium Apartment,2018,93 years 03 months,923888
2024-01,BUKIT BATOK,5 ROOM,296A,BT BATOK ST 22,22 TO 24,113,Premium Apartment,2018,93 years 03 months,920000
2024-01,BUKIT BATOK,5 ROOM,293B,BT BATOK ST 21,16 TO 18,113,Improved,2019,94 years 02 months,885000
2024-01,BUKIT BATOK,5 ROOM,292B,BT BATOK EAST AVE 6,31 TO 33,113,Improved,2019,94 years 01 month,862000
2024-01,BUKIT BATOK,5 ROOM,620,BT BATOK CTRL,13 TO 15,113,Improved,2003,78 years 11 months,848000
2024-01,BUKIT BATOK,5 ROOM,292C,BT BATOK EAST AVE 6,10 TO 12,113,Improved,2019,94 years 01 month,820000
2024-01,BUKIT BATOK,5 ROOM,453A,BT BATOK WEST AVE 6,13 TO 15,115,Improved,2019,94 years 03 months,813000
2024-01,BUKIT BATOK,5 ROOM,439C,BT BATOK WEST AVE 8,07 TO 09,113,Improved,2020,95 years 02 months,793000
2024-01,BUKIT BATOK,5 ROOM,461D,BT BATOK WEST AVE 8,10 TO 12,114,Improved,2019,94 years 09 months,788888
2024-01,BUKIT BATOK,5 ROOM,461C,BT BATOK WEST AVE 8,07 TO 09,114,Improved,2019,94 years 09 months,777777
2024-01,BUKIT BATOK,5 ROOM,440C,BT BATOK WEST AVE 8,07 TO 09,112,Improved,2019,94 years 03 months,775000
2024-01,BUKIT BATOK,5 ROOM,440B,BT BATOK WEST AVE 8,10 TO 12,112,Improved,2019,94 years 03 months,760000
2024-01,BUKIT BATOK,5 ROOM,442A,BT BATOK WEST AVE 8,07 TO 09,112,Improved,2019,94 years 02 months,752000
2024-01,BUKIT BATOK,5 ROOM,461B,BT BATOK WEST AVE 8,04 TO 06,114,Improved,2019,94 years 08 months,752000
2024-01,BUKIT BATOK,5 ROOM,461D,BT BATOK WEST AVE 8,04 TO 06,114,Improved,2019,94 years 09 months,748888
2024-01,BUKIT BATOK,5 ROOM,435C,BT BATOK WEST AVE 5,10 TO 12,113,Improved,2020,95 years 01 month,740000
2024-01,BUKIT BATOK,5 ROOM,442A,BT BATOK WEST AVE 8,04 TO 06,112,Improved,2019,94 years 03 months,740000
2024-01,BUKIT BATOK,5 ROOM,452A,BT BATOK WEST AVE 6,04 TO 06,113,Improved,2019,94 years 04 months,735000
2024-01,BUKIT BATOK,5 ROOM,170,BT BATOK WEST AVE 8,13 TO 15,139,Model A,1985,60 years 09 months,730000
2024-01,BUKIT BATOK,5 ROOM,620,BT BATOK CTRL,01 TO 03,113,Improved,2003,78 years 11 months,728000
2024-01,BUKIT BATOK,5 ROOM,443C,BT BATOK WEST AVE 8,04 TO 06,112,Improved,2019,94 years 03 months,725000
2024-01,BUKIT BATOK,5 ROOM,286,BT BATOK EAST AVE 3,07 TO 09,127,Improved,1995,71 years,722000
2024-01,BUKIT BATOK,5 ROOM,110,BT BATOK WEST AVE 6,10 TO 12,132,Model A,1985,60 years 02 months,718888
2024-01,BUKIT BATOK,5 ROOM,461A,BT BATOK WEST AVE 8,01 TO 03,114,Improved,2019,94 years 08 months,700000
2024-01,BUKIT BATOK,5 ROOM,461C,BT BATOK WEST AVE 8,01 TO 03,114,Improved,2019,94 years 10 months,693000
2024-01,BUKIT BATOK,5 ROOM,383,BT BATOK WEST AVE 5,04 TO 06,115,Improved,2005,80 years 02 months,645000
2024-01,BUKIT BATOK,5 ROOM,236,BT BATOK EAST AVE 5,01 TO 03,121,Improved,1985,60 years 06 months,620000
2024-01,BUKIT BATOK,5 ROOM,426,BT BATOK WEST AVE 2,10 TO 12,120,Improved,1987,62 years 05 months,608000
2024-02,BUKIT BATOK,5 ROOM,296B,BT BATOK ST 22,19 TO 21,113,Premium Apartment,2018,93 years 02 months,935000
2024-02,BUKIT BATOK,5 ROOM,194A,BT BATOK WEST AVE 6,13 TO 15,112,Premium Apartment,2017,92 years 06 months,848000
2024-02,BUKIT BATOK,5 ROOM,293A,BT BATOK ST 21,07 TO 09,113,Improved,2019,94 years,845000
2024-02,BUKIT BATOK,5 ROOM,292B,BT BATOK EAST AVE 6,10 TO 12,113,Improved,2019,94 years,840000
2024-02,BUKIT BATOK,5 ROOM,201,BT BATOK ST 21,13 TO 15,149,Model A,1985,60 years 06 months,815000
2024-02,BUKIT BATOK,5 ROOM,452A,BT BATOK WEST AVE 6,10 TO 12,113,Improved,2019,94 years 02 months,800000
2024-02,BUKIT BATOK,5 ROOM,446A,BT BATOK WEST AVE 8,13 TO 15,112,Improved,2019,94 years 01 month,795000
2024-02,BUKIT BATOK,5 ROOM,437A,BT BATOK WEST AVE 5,07 TO 09,113,Improved,2020,95 years 01 month,780000
2024-02,BUKIT BATOK,5 ROOM,439C,BT BATOK WEST AVE 8,07 TO 09,113,Improved,2020,95 years 01 month,780000
2024-02,BUKIT BATOK,5 ROOM,443A,BT BATOK WEST AVE 8,13 TO 15,112,Improved,2019,94 years 02 months,775000
2024-02,BUKIT BATOK,5 ROOM,442A,BT BATOK WEST AVE 8,13 TO 15,112,Improved,2019,94 years 02 months,771000
2024-02,BUKIT BATOK,5 ROOM,442A,BT BATOK WEST AVE 8,04 TO 06,112,Improved,2019,94 years 02 months,768000
2024-02,BUKIT BATOK,5 ROOM,442A,BT BATOK WEST AVE 8,07 TO 09,112,Improved,2019,94 years 02 months,765000
2024-02,BUKIT BATOK,5 ROOM,440B,BT BATOK WEST AVE 8,07 TO 09,112,Improved,2019,94 years 01 month,765000
2024-02,BUKIT BATOK,5 ROOM,201,BT BATOK ST 21,19 TO 21,133,Model A,1985,60 years 06 months,755000
2024-02,BUKIT BATOK,5 ROOM,453B,BT BATOK WEST AVE 6,04 TO 06,115,Improved,2019,94 years 01 month,735000
2024-02,BUKIT BATOK,5 ROOM,453A,BT BATOK WEST AVE 6,01 TO 03,115,Improved,2019,94 years 02 months,720000
2024-02,BUKIT BATOK,5 ROOM,461D,BT BATOK WEST AVE 8,01 TO 03,114,Improved,2019,94 years 09 months,710000
2024-02,BUKIT BATOK,5 ROOM,393,BT BATOK WEST AVE 5,13 TO 15,118,Improved,2004,79 years 09 months,700000
2024-02,BUKIT BATOK,5 ROOM,443C,BT BATOK WEST AVE 8,04 TO 06,112,Improved,2019,94 years 01 month,700000
2024-02,BUKIT BATOK,5 ROOM,442B,BT BATOK WEST AVE 8,04 TO 06,112,Improved,2019,94 years 02 months,690000
2024-02,BUKIT BATOK,5 ROOM,289C,BT BATOK ST 25,10 TO 12,121,Improved,1997,73 years,680000
2024-02,BUKIT BATOK,5 ROOM,110,BT BATOK WEST AVE 6,04 TO 06,132,Model A,1985,60 years 01 month,670000
2024-02,BUKIT BATOK,5 ROOM,290D,BT BATOK EAST AVE 3,13 TO 15,121,Improved,1998,73 years 02 months,660000
2024-02,BUKIT BATOK,5 ROOM,297,BT BATOK ST 22,04 TO 06,119,Improved,1997,72 years 06 months,655000
2024-02,BUKIT BATOK,5 ROOM,394,BT BATOK WEST AVE 5,04 TO 06,118,Improved,2004,79 years 09 months,655000
2024-02,BUKIT BATOK,5 ROOM,514,BT BATOK ST 52,10 TO 12,122,Improved,1986,61 years 10 months,648000
2024-02,BUKIT BATOK,5 ROOM,285,BT BATOK EAST AVE 3,07 TO 09,129,Improved,1995,70 years 11 months,635000
2024-02,BUKIT BATOK,5 ROOM,329,BT BATOK ST 33,10 TO 12,122,Improved,1986,61 years 11 months,588000
2024-02,BUKIT BATOK,5 ROOM,257,BT BATOK EAST AVE 4,04 TO 06,121,Improved,1985,60 years 06 months,580000
2024-03,BUKIT BATOK,5 ROOM,296A,BT BATOK ST 22,07 TO 09,113,Premium Apartment,2018,93 years 01 month,865000
2024-03,BUKIT BATOK,5 ROOM,439B,BT BATOK WEST AVE 8,13 TO 15,113,Improved,2020,95 years,820000
2024-03,BUKIT BATOK,5 ROOM,461D,BT BATOK WEST AVE 8,04 TO 06,121,3Gen,2019,94 years 07 months,810000
2024-03,BUKIT BATOK,5 ROOM,451B,BT BATOK WEST AVE 6,19 TO 21,113,Improved,2019,94 years,808000
2024-03,BUKIT BATOK,5 ROOM,461C,BT BATOK WEST AVE 8,13 TO 15,114,Improved,2019,94 years 07 months,805888
2024-03,BUKIT BATOK,5 ROOM,296B,BT BATOK ST 22,01 TO 03,113,Premium Apartment,2018,93 years 01 month,790000
2024-03,BUKIT BATOK,5 ROOM,450C,BT BATOK WEST AVE 6,07 TO 09,113,Improved,2019,94 years,785888
2024-03,BUKIT BATOK,5 ROOM,437A,BT BATOK WEST AVE 5,07 TO 09,113,Improved,2020,94 years 11 months,785000
2024-03,BUKIT BATOK,5 ROOM,201,BT BATOK ST 21,22 TO 24,133,Model A,1985,60 years 05 months,780000
2024-03,BUKIT BATOK,5 ROOM,452A,BT BATOK WEST AVE 6,07 TO 09,115,Improved,2019,94 years 01 month,780000
2024-03,BUKIT BATOK,5 ROOM,292B,BT BATOK EAST AVE 6,04 TO 06,113,Improved,2019,93 years 11 months,758000
2024-03,BUKIT BATOK,5 ROOM,443C,BT BATOK WEST AVE 8,10 TO 12,112,Improved,2019,94 years 01 month,755000
2024-03,BUKIT BATOK,5 ROOM,453A,BT BATOK WEST AVE 6,04 TO 06,115,Improved,2019,94 years 01 month,747888
2024-03,BUKIT BATOK,5 ROOM,440C,BT BATOK WEST AVE 8,04 TO 06,112,Improved,2019,94 years 01 month,735000
2024-03,BUKIT BATOK,5 ROOM,442A,BT BATOK WEST AVE 8,10 TO 12,112,Improved,2019,94 years 01 month,733000
2024-03,BUKIT BATOK,5 ROOM,441B,BT BATOK WEST AVE 8,01 TO 03,112,Improved,2019,94 years 01 month,715000
2024-03,BUKIT BATOK,5 ROOM,461D,BT BATOK WEST AVE 8,01 TO 03,114,Improved,2019,94 years 07 months,712000
2024-03,BUKIT BATOK,5 ROOM,291D,BT BATOK ST 24,10 TO 12,121,Improved,1998,72 years 11 months,700000
2024-03,BUKIT BATOK,5 ROOM,440D,BT BATOK WEST AVE 8,01 TO 03,112,Improved,2019,94 years,675000
2024-03,BUKIT BATOK,5 ROOM,394,BT BATOK WEST AVE 5,04 TO 06,118,Improved,2004,79 years 07 months,666000
2024-03,BUKIT BATOK,5 ROOM,172,BT BATOK WEST AVE 8,07 TO 09,134,Model A,1985,60 years 03 months,660000
2024-03,BUKIT BATOK,5 ROOM,435C,BT BATOK WEST AVE 5,07 TO 09,113,Improved,2020,95 years,655000
2024-03,BUKIT BATOK,5 ROOM,285,BT BATOK EAST AVE 3,01 TO 03,131,Model A,1995,70 years 10 months,645000
2024-03,BUKIT BATOK,5 ROOM,257,BT BATOK EAST AVE 4,04 TO 06,121,Improved,1985,60 years 05 months,568000
2024-03,BUKIT BATOK,5 ROOM,117,BT BATOK WEST AVE 6,01 TO 03,132,Model A,1985,59 years 11 months,400000
2024-04,BUKIT BATOK,5 ROOM,296C,BT BATOK ST 22,34 TO 36,113,Premium Apartment,2018,93 years,950000
2024-04,BUKIT BATOK,5 ROOM,293B,BT BATOK ST 21,13 TO 15,113,Improved,2019,93 years 10 months,895000
2024-04,BUKIT BATOK,5 ROOM,620,BT BATOK CTRL,28 TO 30,110,Improved,2003,78 years 08 months,888000
2024-04,BUKIT BATOK,5 ROOM,292B,BT BATOK EAST AVE 6,13 TO 15,113,Improved,2019,93 years 09 months,850000
2024-04,BUKIT BATOK,5 ROOM,296A,BT BATOK ST 22,04 TO 06,115,Premium Apartment,2018,92 years 11 months,840000
2024-04,BUKIT BATOK,5 ROOM,435C,BT BATOK WEST AVE 5,13 TO 15,113,Improved,2020,94 years 11 months,810000
2024-04,BUKIT BATOK,5 ROOM,450C,BT BATOK WEST AVE 6,16 TO 18,115,Improved,2019,94 years,810000
2024-04,BUKIT BATOK,5 ROOM,461C,BT BATOK WEST AVE 8,07 TO 09,114,Improved,2019,94 years 06 months,800800
2024-04,BUKIT BATOK,5 ROOM,450C,BT BATOK WEST AVE 6,16 TO 18,115,Improved,2019,94 years 01 month,800000
2024-04,BUKIT BATOK,5 ROOM,452A,BT BATOK WEST AVE 6,07 TO 09,113,Improved,2019,94 years,800000
2024-04,BUKIT BATOK,5 ROOM,450B,BT BATOK WEST AVE 6,13 TO 15,113,Improved,2019,94 years,785000
2024-04,BUKIT BATOK,5 ROOM,437A,BT BATOK WEST AVE 5,13 TO 15,113,Improved,2020,94 years 11 months,770000
2024-04,BUKIT BATOK,5 ROOM,435C,BT BATOK WEST AVE 5,07 TO 09,113,Improved,2020,94 years 11 months,750000
2024-04,BUKIT BATOK,5 ROOM,461C,BT BATOK WEST AVE 8,04 TO 06,114,Improved,2019,94 years 06 months,747000
2024-04,BUKIT BATOK,5 ROOM,446A,BT BATOK WEST AVE 8,04 TO 06,112,Improved,2019,93 years 11 months,745000
2024-04,BUKIT BATOK,5 ROOM,461C,BT BATOK WEST AVE 8,01 TO 03,114,Improved,2019,94 years 05 months,743000
2024-04,BUKIT BATOK,5 ROOM,461C,BT BATOK WEST AVE 8,01 TO 03,114,Improved,2019,94 years 06 months,735000
2024-04,BUKIT BATOK,5 ROOM,443A,BT BATOK WEST AVE 8,04 TO 06,112,Improved,2019,94 years,720000
2024-04,BUKIT BATOK,5 ROOM,450C,BT BATOK WEST AVE 6,01 TO 03,113,Improved,2019,94 years,700000
2024-04,BUKIT BATOK,5 ROOM,291A,BT BATOK ST 24,07 TO 09,121,Improved,1997,72 years 09 months,690000
2024-04,BUKIT BATOK,5 ROOM,392,BT BATOK WEST AVE 5,07 TO 09,118,Improved,2004,79 years 06 months,690000
2024-04,BUKIT BATOK,5 ROOM,440C,BT BATOK WEST AVE 8,01 TO 03,112,Improved,2019,94 years,690000
2024-04,BUKIT BATOK,5 ROOM,440D,BT BATOK WEST AVE 8,01 TO 03,112,Improved,2019,93 years 11 months,688000
2024-04,BUKIT BATOK,5 ROOM,115,BT BATOK WEST AVE 6,07 TO 09,132,Model A,1985,60 years 01 month,675000
2024-04,BUKIT BATOK,5 ROOM,298,BT BATOK ST 22,10 TO 12,119,Improved,1997,72 years 04 months,668000
2024-04,BUKIT BATOK,5 ROOM,187,BT BATOK WEST AVE 6,07 TO 09,121,Improved,1989,63 years 11 months,668000
2024-04,BUKIT BATOK,5 ROOM,510,BT BATOK ST 52,01 TO 03,122,Improved,1986,61 years 08 months,610000
2024-04,BUKIT BATOK,5 ROOM,531,BT BATOK ST 51,07 TO 09,122,Improved,1986,61 years 06 months,580000
2024-05,BUKIT BATOK,5 ROOM,194A,BT BATOK WEST AVE 6,34 TO 36,112,Premium Apartment,2017,92 years 03 months,958000
2024-05,BUKIT BATOK,5 ROOM,296A,BT BATOK ST 22,25 TO 27,113,Premium Apartment,2018,92 years 11 months,925000
2024-05,BUKIT BATOK,5 ROOM,453A,BT BATOK WEST AVE 6,16 TO 18,115,Improved,2019,93 years 11 months,870000
2024-05,BUKIT BATOK,5 ROOM,296A,BT BATOK ST 22,10 TO 12,115,Premium Apartment,2018,92 years 11 months,828000
2024-05,BUKIT BATOK,5 ROOM,461C,BT BATOK WEST AVE 8,10 TO 12,114,Improved,2019,94 years 05 months,810000
2024-05,BUKIT BATOK,5 ROOM,439C,BT BATOK WEST AVE 8,10 TO 12,113,Improved,2020,94 years 10 months,810000
2024-05,BUKIT BATOK,5 ROOM,453B,BT BATOK WEST AVE 6,16 TO 18,115,Improved,2019,93 years 11 months,805000
2024-05,BUKIT BATOK,5 ROOM,442B,BT BATOK WEST AVE 8,13 TO 15,112,Improved,2019,93 years 11 months,800000
2024-05,BUKIT BATOK,5 ROOM,622,BT BATOK CTRL,04 TO 06,110,Improved,2003,78 years 07 months,792000
2024-05,BUKIT BATOK,5 ROOM,442B,BT BATOK WEST AVE 8,10 TO 12,112,Improved,2019,93 years 11 months,780000
2024-05,BUKIT BATOK,5 ROOM,437A,BT BATOK WEST AVE 5,10 TO 12,113,Improved,2020,94 years 09 months,773000
2024-05,BUKIT BATOK,5 ROOM,235,BT BATOK EAST AVE 5,07 TO 09,134,Adjoined flat,1985,60 years 01 month,770000
2024-05,BUKIT BATOK,5 ROOM,442A,BT BATOK WEST AVE 8,13 TO 15,112,Improved,2019,93 years 11 months,770000
2024-05,BUKIT BATOK,5 ROOM,115,BT BATOK WEST AVE 6,16 TO 18,132,Model A,1985,60 years 01 month,742000
2024-05,BUKIT BATOK,5 ROOM,461B,BT BATOK WEST AVE 8,04 TO 06,114,Improved,2019,94 years 05 months,735000
2024-05,BUKIT BATOK,5 ROOM,461B,BT BATOK WEST AVE 8,04 TO 06,114,Improved,2019,94 years 05 months,735000
2024-05,BUKIT BATOK,5 ROOM,383,BT BATOK WEST AVE 5,19 TO 21,115,Improved,2005,79 years 10 months,723888
2024-05,BUKIT BATOK,5 ROOM,639,BT BATOK CTRL,01 TO 03,120,Improved,1989,64 years 04 months,722888
2024-05,BUKIT BATOK,5 ROOM,286,BT BATOK EAST AVE 3,07 TO 09,128,Improved,1995,70 years 08 months,710000
2024-05,BUKIT BATOK,5 ROOM,450C,BT BATOK WEST AVE 6,01 TO 03,115,Improved,2019,93 years 11 months,705000
2024-05,BUKIT BATOK,5 ROOM,451B,BT BATOK WEST AVE 6,04 TO 06,113,Improved,2019,93 years 11 months,700000
2024-05,BUKIT BATOK,5 ROOM,171,BT BATOK WEST AVE 8,04 TO 06,134,Model A,1985,60 years,700000
2024-05,BUKIT BATOK,5 ROOM,170,BT BATOK WEST AVE 8,16 TO 18,134,Model A,1985,60 years 04 months,700000
2024-05,BUKIT BATOK,5 ROOM,439C,BT BATOK WEST AVE 8,01 TO 03,113,Improved,2020,94 years 10 months,700000
2024-05,BUKIT BATOK,5 ROOM,291A,BT BATOK ST 24,16 TO 18,121,Improved,1997,72 years 08 months,690000
2024-05,BUKIT BATOK,5 ROOM,111,BT BATOK WEST AVE 6,04 TO 06,132,Model A,1985,59 years 11 months,675000
2024-05,BUKIT BATOK,5 ROOM,171,BT BATOK WEST AVE 8,01 TO 03,138,Model A,1985,60 years,658000
2024-05,BUKIT BATOK,5 ROOM,288A,BT BATOK ST 25,01 TO 03,122,Improved,1997,72 years 08 months,650000
2024-05,BUKIT BATOK,5 ROOM,236,BT BATOK EAST AVE 5,01 TO 03,121,Improved,1985,60 years 02 months,635000
2024-05,BUKIT BATOK,5 ROOM,301,BT BATOK ST 31,04 TO 06,122,Improved,1985,60 years 06 months,595000
2024-05,BUKIT BATOK,5 ROOM,301,BT BATOK ST 31,04 TO 06,122,Improved,1985,60 years 06 months,590000
2024-06,BUKIT BATOK,5 ROOM,296C,BT BATOK ST 22,28 TO 30,115,Premium Apartment,2018,92 years 10 months,950000
2024-06,BUKIT BATOK,5 ROOM,194A,BT BATOK WEST AVE 6,16 TO 18,112,Premium Apartment,2017,92 years 02 months,880000
2024-06,BUKIT BATOK,5 ROOM,439B,BT BATOK WEST AVE 8,10 TO 12,113,Improved,2020,94 years 10 months,810000
2024-06,BUKIT BATOK,5 ROOM,451B,BT BATOK WEST AVE 6,16 TO 18,113,Improved,2019,93 years 10 months,808000
2024-06,BUKIT BATOK,5 ROOM,461B,BT BATOK WEST AVE 8,10 TO 12,114,Improved,2019,94 years 04 months,805000
2024-06,BUKIT BATOK,5 ROOM,461D,BT BATOK WEST AVE 8,10 TO 12,114,Improved,2019,94 years 04 months,800000
2024-06,BUKIT BATOK,5 ROOM,450C,BT BATOK WEST AVE 6,07 TO 09,113,Improved,2019,93 years 10 months,790000
2024-06,BUKIT BATOK,5 ROOM,439B,BT BATOK WEST AVE 8,07 TO 09,113,Improved,2020,94 years 09 months,785000
2024-06,BUKIT BATOK,5 ROOM,443A,BT BATOK WEST AVE 8,07 TO 09,112,Improved,2019,93 years 10 months,775000
2024-06,BUKIT BATOK,5 ROOM,625,BT BATOK CTRL,04 TO 06,119,Improved,1997,72 years 01 month,750000
2024-06,BUKIT BATOK,5 ROOM,442C,BT BATOK WEST AVE 8,07 TO 09,112,Improved,2019,93 years 10 months,740000
2024-06,BUKIT BATOK,5 ROOM,385,BT BATOK WEST AVE 5,28 TO 30,115,Improved,2005,79 years 08 months,720000
2024-06,BUKIT BATOK,5 ROOM,383,BT BATOK WEST AVE 5,07 TO 09,115,Improved,2005,79 years 09 months,710000
2024-06,BUKIT BATOK,5 ROOM,442C,BT BATOK WEST AVE 8,04 TO 06,112,Improved,2019,93 years 10 months,710000
2024-06,BUKIT BATOK,5 ROOM,171,BT BATOK WEST AVE 8,10 TO 12,134,Model A,1985,59 years 11 months,700000
2024-06,BUKIT BATOK,5 ROOM,290F,BT BATOK ST 24,07 TO 09,121,Improved,1997,72 years 06 months,690000
2024-06,BUKIT BATOK,5 ROOM,440C,BT BATOK WEST AVE 8,01 TO 03,112,Improved,2019,93 years 10 months,688000
2024-06,BUKIT BATOK,5 ROOM,446A,BT BATOK WEST AVE 8,01 TO 03,112,Improved,2019,93 years 08 months,685000
2024-06,BUKIT BATOK,5 ROOM,291D,BT BATOK ST 24,10 TO 12,121,Improved,1998,72 years 09 months,668888
2024-06,BUKIT BATOK,5 ROOM,435C,BT BATOK WEST AVE 5,10 TO 12,113,Improved,2020,94 years 09 months,668000
2024-06,BUKIT BATOK,5 ROOM,442A,BT BATOK WEST AVE 8,01 TO 03,112,Improved,2019,93 years 10 months,665000
2024-06,BUKIT BATOK,5 ROOM,389,BT BATOK WEST AVE 5,13 TO 15,110,Improved,2005,79 years 08 months,660000
2024-06,BUKIT BATOK,5 ROOM,440D,BT BATOK WEST AVE 8,01 TO 03,112,Improved,2019,93 years 10 months,630000
2024-07,BUKIT BATOK,5 ROOM,194A,BT BATOK WEST AVE 6,34 TO 36,115,Premium Apartment,2017,92 years 01 month,1000000
2024-07,BUKIT BATOK,5 ROOM,292B,BT BATOK EAST AVE 6,25 TO 27,113,Improved,2019,93 years 07 months,900000
2024-07,BUKIT BATOK,5 ROOM,620,BT BATOK CTRL,19 TO 21,110,Improved,2003,78 years 05 months,878000
2024-07,BUKIT BATOK,5 ROOM,296A,BT BATOK ST 22,07 TO 09,115,Premium Apartment,2018,92 years 09 months,865888
2024-07,BUKIT BATOK,5 ROOM,621,BT BATOK CTRL,13 TO 15,110,Improved,2003,78 years 04 months,850000
2024-07,BUKIT BATOK,5 ROOM,445A,BT BATOK WEST AVE 8,07 TO 09,112,Improved,2019,93 years 06 months,839888
2024-07,BUKIT BATOK,5 ROOM,451B,BT BATOK WEST AVE 6,10 TO 12,113,Improved,2019,93 years 09 months,830000
2024-07,BUKIT BATOK,5 ROOM,441B,BT BATOK WEST AVE 8,10 TO 12,112,Improved,2019,93 years 09 months,828888
2024-07,BUKIT BATOK,5 ROOM,461C,BT BATOK WEST AVE 8,10 TO 12,114,Improved,2019,94 years 03 months,823000
2024-07,BUKIT BATOK,5 ROOM,450C,BT BATOK WEST AVE 6,13 TO 15,113,Improved,2019,93 years 09 months,820000
2024-07,BUKIT BATOK,5 ROOM,461D,BT BATOK WEST AVE 8,13 TO 15,114,Improved,2019,94 years 03 months,813888
2024-07,BUKIT BATOK,5 ROOM,461D,BT BATOK WEST AVE 8,07 TO 09,114,Improved,2019,94 years 03 months,800000
2024-07,BUKIT BATOK,5 ROOM,451B,BT BATOK WEST AVE 6,07 TO 09,115,Improved,2019,93 years 08 months,800000
2024-07,BUKIT BATOK,5 ROOM,439B,BT BATOK WEST AVE 8,13 TO 15,113,Improved,2020,94 years 08 months,800000
2024-07,BUKIT BATOK,5 ROOM,442B,BT BATOK WEST AVE 8,10 TO 12,112,Improved,2019,93 years 09 months,795000
2024-07,BUKIT BATOK,5 ROOM,461A,BT BATOK WEST AVE 8,04 TO 06,121,3Gen,2019,94 years 02 months,790000
2024-07,BUKIT BATOK,5 ROOM,288G,BT BATOK ST 25,13 TO 15,120,Improved,1997,72 years 05 months,780000
2024-07,BUKIT BATOK,5 ROOM,435C,BT BATOK WEST AVE 5,13 TO 15,113,Improved,2020,94 years 08 months,780000
2024-07,BUKIT BATOK,5 ROOM,626,BT BATOK CTRL,07 TO 09,119,Improved,1997,72 years 01 month,770000
2024-07,BUKIT BATOK,5 ROOM,439C,BT BATOK WEST AVE 8,04 TO 06,113,Improved,2020,94 years 08 months,770000
2024-07,BUKIT BATOK,5 ROOM,192,BT BATOK WEST AVE 6,13 TO 15,118,Improved,1997,71 years 10 months,760000
2024-07,BUKIT BATOK,5 ROOM,450B,BT BATOK WEST AVE 6,07 TO 09,113,Improved,2019,93 years 09 months,760000
2024-07,BUKIT BATOK,5 ROOM,451B,BT BATOK WEST AVE 6,04 TO 06,115,Improved,2019,93 years 09 months,760000
2024-07,BUKIT BATOK,5 ROOM,442B,BT BATOK WEST AVE 8,07 TO 09,112,Improved,2019,93 years 09 months,758000
2024-07,BUKIT BATOK,5 ROOM,626,BT BATOK CTRL,04 TO 06,119,Improved,1997,72 years 01 month,750000
2024-07,BUKIT BATOK,5 ROOM,440C,BT BATOK WEST AVE 8,07 TO 09,112,Improved,2019,93 years 08 months,750000
2024-07,BUKIT BATOK,5 ROOM,440D,BT BATOK WEST AVE 8,04 TO 06,112,Improved,2019,93 years 08 months,698888
2024-07,BUKIT BATOK,5 ROOM,442C,BT BATOK WEST AVE 8,01 TO 03,112,Improved,2019,93 years 09 months,680000
2024-07,BUKIT BATOK,5 ROOM,443B,BT BATOK WEST AVE 8,01 TO 03,112,Improved,2019,93 years 10 months,680000
2024-07,BUKIT BATOK,5 ROOM,443A,BT BATOK WEST AVE 8,01 TO 03,112,Improved,2019,93 years 10 months,680000
2024-07,BUKIT BATOK,5 ROOM,389,BT BATOK WEST AVE 5,01 TO 03,118,Improved,2005,79 years 08 months,657200
2024-07,BUKIT BATOK,5 ROOM,390,BT BATOK WEST AVE 5,04 TO 06,118,Improved,2004,79 years 05 months,648000
2024-07,BUKIT BATOK,5 ROOM,289E,BT BATOK ST 25,01 TO 03,122,Improved,1998,72 years 06 months,635888
2024-07,BUKIT BATOK,5 ROOM,319,BT BATOK ST 33,07 TO 09,122,Improved,1986,61 years 02 months,595000
2024-07,BUKIT BATOK,5 ROOM,419,BT BATOK WEST AVE 2,01 TO 03,120,Improved,1986,61 years 02 months,590000
2024-07,BUKIT BATOK,5 ROOM,315,BT BATOK ST 32,01 TO 03,122,Improved,1986,61 years 04 months,580000
2024-08,BUKIT BATOK,5 ROOM,296C,BT BATOK ST 22,34 TO 36,112,Premium Apartment,2018,92 years 09 months,980000
2024-08,BUKIT BATOK,5 ROOM,194B,BT BATOK WEST AVE 6,25 TO 27,115,Premium Apartment,2017,92 years,965000
2024-08,BUKIT BATOK,5 ROOM,194B,BT BATOK WEST AVE 6,19 TO 21,112,Premium Apartment,2017,92 years,948000
2024-08,BUKIT BATOK,5 ROOM,296A,BT BATOK ST 22,28 TO 30,113,Premium Apartment,2018,92 years 08 months,900000
2024-08,BUKIT BATOK,5 ROOM,293A,BT BATOK ST 21,22 TO 24,113,Improved,2019,93 years 06 months,890000
2024-08,BUKIT BATOK,5 ROOM,293A,BT BATOK ST 21,16 TO 18,113,Improved,2019,93 years 06 months,890000
2024-08,BUKIT BATOK,5 ROOM,292B,BT BATOK EAST AVE 6,16 TO 18,113,Improved,2019,93 years 06 months,865000
2024-08,BUKIT BATOK,5 ROOM,445A,BT BATOK WEST AVE 8,22 TO 24,112,Improved,2019,93 years 07 months,850000
2024-08,BUKIT BATOK,5 ROOM,442B,BT BATOK WEST AVE 8,13 TO 15,112,Improved,2019,93 years 08 months,830000
2024-08,BUKIT BATOK,5 ROOM,452A,BT BATOK WEST AVE 6,10 TO 12,113,Improved,2019,93 years 08 months,815000
2024-08,BUKIT BATOK,5 ROOM,293C,BT BATOK ST 21,10 TO 12,113,Improved,2019,93 years 06 months,805000
2024-08,BUKIT BATOK,5 ROOM,443A,BT BATOK WEST AVE 8,10 TO 12,112,Improved,2019,93 years 08 months,800000
2024-08,BUKIT BATOK,5 ROOM,442B,BT BATOK WEST AVE 8,13 TO 15,112,Improved,2019,93 years 08 months,800000
2024-08,BUKIT BATOK,5 ROOM,623,BT BATOK CTRL,01 TO 03,118,Improved,1997,72 years,790000
2024-08,BUKIT BATOK,5 ROOM,443A,BT BATOK WEST AVE 8,07 TO 09,112,Improved,2019,93 years 08 months,761000
2024-08,BUKIT BATOK,5 ROOM,441B,BT BATOK WEST AVE 8,07 TO 09,112,Improved,2019,93 years 08 months,735000
2024-08,BUKIT BATOK,5 ROOM,437A,BT BATOK WEST AVE 5,04 TO 06,113,Improved,2020,94 years 07 months,718000
2024-08,BUKIT BATOK,5 ROOM,440D,BT BATOK WEST AVE 8,04 TO 06,112,Improved,2019,93 years 08 months,706000
2024-08,BUKIT BATOK,5 ROOM,289E,BT BATOK ST 25,07 TO 09,122,Improved,1998,72 years 06 months,702500
2024-08,BUKIT BATOK,5 ROOM,171,BT BATOK WEST AVE 8,10 TO 12,134,Model A,1985,59 years 09 months,700000
2024-08,BUKIT BATOK,5 ROOM,115,BT BATOK WEST AVE 6,04 TO 06,132,Model A,1985,59 years 10 months,695000
2024-08,BUKIT BATOK,5 ROOM,388,BT BATOK WEST AVE 5,13 TO 15,118,Improved,2005,79 years 06 months,675000
2024-08,BUKIT BATOK,5 ROOM,452A,BT BATOK WEST AVE 6,01 TO 03,113,Improved,2019,93 years 08 months,670000
2024-08,BUKIT BATOK,5 ROOM,435C,BT BATOK WEST AVE 5,01 TO 03,113,Improved,2020,94 years 07 months,655000
2024-08,BUKIT BATOK,5 ROOM,216,BT BATOK ST 21,04 TO 06,121,Improved,1985,59 years 11 months,638000
2024-08,BUKIT BATOK,5 ROOM,301,BT BATOK ST 31,07 TO 09,122,Improved,1985,60 years 03 months,615000
2024-08,BUKIT BATOK,5 ROOM,510,BT BATOK ST 52,01 TO 03,122,Improved,1986,61 years 05 months,590000
2024-08,BUKIT BATOK,5 ROOM,336,BT BATOK ST 32,07 TO 09,122,Improved,1986,61 years 04 months,570000
2024-09,BUKIT BATOK,5 ROOM,293A,BT BATOK ST 21,16 TO 18,113,Improved,2019,93 years 05 months,920000
2024-09,BUKIT BATOK,5 ROOM,435C,BT BATOK WEST AVE 5,13 TO 15,113,Improved,2020,94 years 06 months,835000
2024-09,BUKIT BATOK,5 ROOM,442C,BT BATOK WEST AVE 8,07 TO 09,112,Improved,2019,93 years 07 months,830000
2024-09,BUKIT BATOK,5 ROOM,443A,BT BATOK WEST AVE 8,13 TO 15,112,Improved,2019,93 years 07 months,820000
2024-09,BUKIT BATOK,5 ROOM,443C,BT BATOK WEST AVE 8,07 TO 09,112,Improved,2019,93 years 07 months,800000
2024-09,BUKIT BATOK,5 ROOM,442B,BT BATOK WEST AVE 8,07 TO 09,112,Improved,2019,93 years 07 months,800000
2024-09,BUKIT BATOK,5 ROOM,625,BT BATOK CTRL,07 TO 09,120,Improved,1997,71 years 10 months,790000
2024-09,BUKIT BATOK,5 ROOM,439B,BT BATOK WEST AVE 8,10 TO 12,113,Improved,2020,94 years 07 months,785000
2024-09,BUKIT BATOK,5 ROOM,439C,BT BATOK WEST AVE 8,07 TO 09,113,Improved,2020,94 years 06 months,775000
2024-09,BUKIT BATOK,5 ROOM,192,BT BATOK WEST AVE 6,16 TO 18,120,Improved,1997,71 years 09 months,760000
2024-09,BUKIT BATOK,5 ROOM,291B,BT BATOK ST 24,16 TO 18,121,Improved,1998,72 years 05 months,722888
2024-09,BUKIT BATOK,5 ROOM,439B,BT BATOK WEST AVE 8,01 TO 03,113,Improved,2020,94 years 06 months,710000
2024-09,BUKIT BATOK,5 ROOM,393,BT BATOK WEST AVE 5,04 TO 06,115,Improved,2004,79 years 02 months,690000
2024-09,BUKIT BATOK,5 ROOM,439C,BT BATOK WEST AVE 8,01 TO 03,113,Improved,2020,94 years 06 months,685000
2024-09,BUKIT BATOK,5 ROOM,291B,BT BATOK ST 24,01 TO 03,121,Improved,1998,72 years 05 months,663000
2024-09,BUKIT BATOK,5 ROOM,388,BT BATOK WEST AVE 5,04 TO 06,118,Improved,2005,79 years 05 months,660000
2024-09,BUKIT BATOK,5 ROOM,236,BT BATOK EAST AVE 5,04 TO 06,121,Improved,1985,59 years 10 months,630000
2024-09,BUKIT BATOK,5 ROOM,329,BT BATOK ST 33,07 TO 09,122,Improved,1986,61 years 05 months,625000
2024-09,BUKIT BATOK,5 ROOM,301,BT BATOK ST 31,01 TO 03,122,Improved,1985,60 years 02 months,585000
2024-09,BUKIT BATOK,5 ROOM,331,BT BATOK ST 33,01 TO 03,122,Improved,1986,61 years 03 months,545000
2024-10,BUKIT BATOK,5 ROOM,450B,BT BATOK WEST AVE 6,22 TO 24,113,Improved,2019,93 years 06 months,900000
2024-10,BUKIT BATOK,5 ROOM,461B,BT BATOK WEST AVE 8,10 TO 12,121,3Gen,2019,94 years,868000
2024-10,BUKIT BATOK,5 ROOM,288B,BT BATOK ST 25,13 TO 15,122,Improved,1998,72 years 04 months,858000
2024-10,BUKIT BATOK,5 ROOM,452A,BT BATOK WEST AVE 6,13 TO 15,113,Improved,2019,93 years 06 months,850000
2024-10,BUKIT BATOK,5 ROOM,442A,BT BATOK WEST AVE 8,13 TO 15,112,Improved,2019,93 years 07 months,830000
2024-10,BUKIT BATOK,5 ROOM,102,BT BATOK WEST AVE 6,13 TO 15,150,Model A,1985,59 years 10 months,825000
2024-10,BUKIT BATOK,5 ROOM,439B,BT BATOK WEST AVE 8,10 TO 12,113,Improved,2020,94 years 05 months,823888
2024-10,BUKIT BATOK,5 ROOM,293A,BT BATOK ST 21,04 TO 06,113,Improved,2019,93 years 04 months,820000
2024-10,BUKIT BATOK,5 ROOM,191,BT BATOK WEST AVE 6,19 TO 21,118,Improved,1997,71 years 07 months,783000
2024-10,BUKIT BATOK,5 ROOM,191,BT BATOK WEST AVE 6,13 TO 15,120,Improved,1997,71 years 07 months,742888
2024-10,BUKIT BATOK,5 ROOM,288A,BT BATOK ST 25,07 TO 09,122,Improved,1997,72 years 03 months,738000
2024-10,BUKIT BATOK,5 ROOM,392,BT BATOK WEST AVE 5,13 TO 15,118,Improved,2004,79 years 02 months,730000
2024-10,BUKIT BATOK,5 ROOM,452A,BT BATOK WEST AVE 6,01 TO 03,115,Improved,2019,93 years 06 months,715000
2024-10,BUKIT BATOK,5 ROOM,440D,BT BATOK WEST AVE 8,01 TO 03,112,Improved,2019,93 years 06 months,700000
2024-10,BUKIT BATOK,5 ROOM,388,BT BATOK WEST AVE 5,04 TO 06,118,Improved,2005,79 years 04 months,680000
2024-10,BUKIT BATOK,5 ROOM,329,BT BATOK ST 33,10 TO 12,122,Improved,1986,61 years 03 months,640000
2024-10,BUKIT BATOK,5 ROOM,419,BT BATOK WEST AVE 2,07 TO 09,120,Improved,1986,61 years,640000
2024-11,BUKIT BATOK,5 ROOM,442A,BT BATOK WEST AVE 8,13 TO 15,112,Improved,2019,93 years 06 months,785000
